COUNTRY,ISO3,WHO_REGION,DATE_UPDATED,TOTAL_VACCINATIONS,PERSONS_VACCINATED_1PLUS_DOSE,TOTAL_VACCINATIONS_PER100,PERSONS_VACCINATED_1PLUS_DOSE_PER100,Number_of_Males_Fully_Vaccinated,Number_of_Females_Fully_Vaccinated,Fully Vaccinated Children (5-17),Fully Vaccinated Adults (18+),PERSONS_FULLY_VACCINATED,PERSONS_FULLY_VACCINATED_PER100,VACCINES_USED,FIRST_VACCINE_DATE,NUMBER_VACCINES_TYPES_USED,Booster Dose Children (12-17),Booster Dose Adults (18+),PERSONS_BOOSTER_ADD_DOSE,PERSONS_BOOSTER_ADD_DOSE_PER100
Afghanistan,AFG,EMRO,19/03/2022,11881035,10929549,30.52,28.076,2785097,7460086,7235168,3010015,10245183,26.318,"AstraZeneca - Vaxzevria,Beijing CNBG - BBIBP-CorV,Bharat - Covaxin,CanSino - Convidecia,Gamaleya - Gam-Covid-Vac,Gamaleya - Sputnik-Light,Janssen - Ad26.COV 2-S,Moderna - Spikevax,Pfizer BioNTech - Comirnaty,SII - Covishield,Sinovac - CoronaVac",22/02/2021,11,1766450,714592,2481042,6.373
Albania,ALB,EURO,03/02/2022,2974247,1336938,103.4,46.977,85889,1177093,984433,278549,1262982,44.378,"AstraZeneca - Vaxzevria,Gamaleya - Gam-Covid-Vac,Pfizer BioNTech - Comirnaty,SII - Covishield,Sinovac - CoronaVac",13/01/2021,5,222624,179747,402371,14.095
Algeria,DZA,AFRO,17/05/2022,15267442,7840131,34.817,17.879,2043623,4437563,2775695,3705491,6481186,14.78,"Beijing CNBG - BBIBP-CorV,Gamaleya - Gam-Covid-Vac,SII - Covishield,Sinovac - CoronaVac",30/01/2021,4,310365,265286,575651,1.313
American Samoa,ASM,WPRO,10/01/2022,111316,44885,201.67,81.318,5089,36334,11365,30058,41423,75.046,"Janssen - Ad26.COV 2-S,Moderna - Spikevax,Pfizer BioNTech - Comirnaty",21/12/2020,3,7104,17056,24160,43.77
Andorra,AND,EURO,17/11/2022,154235,57894,199.6,75.999,43368,10112,38888,14592,53480,70.205,"AstraZeneca - Vaxzevria,Moderna - Spikevax,Pfizer BioNTech - Comirnaty",20/01/2021,3,18392,24679,43071,54.497
Angola,AGO,AFRO,27/08/2022,22297104,14220830,67.842,43.269,6324613,1489508,7405361,408760,7814121,23.776,SII - Covishield,10/03/2021,1,1904637,1081294,2985931,9.085
Anguilla,AIA,AMRO,07/04/2022,24102,10846,160.659,72.297,1084,9230,332,9982,10314,68.751,"AstraZeneca - Vaxzevria,Pfizer BioNTech - Comirnaty",05/02/2021,2,2260,786,3046,20.304
Antigua and Barbuda,ATG,AMRO,07/02/2022,136512,64290,139.399,65.65,56346,6038,5425,56959,62384,63.703,"AstraZeneca - Vaxzevria,Beijing CNBG - BBIBP-CorV,Gamaleya - Gam-Covid-Vac,Janssen - Ad26.COV 2-S,Pfizer BioNTech - Comirnaty,SII - Covishield",01/03/2021,6,6375,3463,9838,10.046
Argentina,ARG,AMRO,18/10/2022,109277682,41285663,241.787,91.349,32817347,4986219,31211467,6592099,37803566,83.644,"AstraZeneca - Vaxzevria,Beijing CNBG - BBIBP-CorV,CanSino - Convidecia,Gamaleya - Gam-Covid-Vac,Moderna - Spikevax,Pfizer BioNTech - Comirnaty,SII - Covishield",29/12/2020,7,23805507,7004677,30810184,68.17
Armenia,ARM,EURO,24/12/2022,2150112,1129669,72.6,38.123,648828,336979,870938,114869,985807,33.268,"AstraZeneca - Vaxzevria,Beijing CNBG - BBIBP-CorV,Gamaleya - Gam-Covid-Vac,Gamaleya - Sputnik-Light,Moderna - Spikevax,Pfizer BioNTech - Comirnaty,Sinovac - CoronaVac,Wuhan CNBG - Inactivated",16/06/2021,8,75353,6001,81354,2.915
Aruba,ABW,AMRO,09/03/2022,173306,89761,162.323,84.073,49354,34191,48398,35147,83545,78.251,"Janssen - Ad26.COV 2-S,Pfizer BioNTech - Comirnaty",17/02/2021,2,25772,9887,35659,33.399
Australia,AUS,WPRO,24/02/2022,63280978,22427304,248.162,87.951,8996520,12769720,12251991,9514249,21766240,85.358,"AstraZeneca - Vaxzevria,Janssen - Ad26.COV 2-S,Moderna - Spikevax,Novavax-NUVAXOVID,Pfizer BioNTech - Comirnaty",21/02/2021,5,1422864,12979401,14402265,56.48
Austria,AUT,EURO,04/06/2022,19226645,6887651,216,77.483,825316,5849081,4320147,2354250,6674397,74.984,"AstraZeneca - Vaxzevria,Janssen - Ad26.COV 2-S,Moderna - Spikevax,Novavax-NUVAXOVID,Pfizer BioNTech - Comirnaty,Unknown Vaccine",30/12/2020,6,3868678,1537288,5405966,60.207
Azerbaijan,AZE,EURO,15/06/2022,13742472,5402833,135.5,53.287,512590,4357257,956559,3913288,4869847,48.03,"AstraZeneca - Vaxzevria,Gamaleya - Gam-Covid-Vac,Gamaleya - Sputnik-Light,Pfizer BioNTech - Comirnaty,Sinovac - CoronaVac",20/01/2021,5,3177384,327204,3504588,33.982
Bahamas,BHS,AMRO,27/10/2022,359002,172859,91.292,43.957,81230,83075,23974,140331,164305,41.782,"AstraZeneca - Vaxzevria,Janssen - Ad26.COV 2-S,Pfizer BioNTech - Comirnaty,SII - Covishield",14/03/2021,4,2644,31073,33717,8.574
Bahrain,BHR,EMRO,23/10/2022,3470831,1240586,203.978,72.908,772644,453382,589050,636976,1226026,72.052,"AstraZeneca - Vaxzevria,Beijing CNBG - BBIBP-CorV,Bharat - Covaxin,CanSino - Convidecia,Gamaleya - Gam-Covid-Vac,Gamaleya - Sputnik-Light,Janssen - Ad26.COV 2-S,Moderna - Spikevax,Pfizer BioNTech - Comirnaty,SII - Covishield,Sinovac - CoronaVac",04/11/2020,11,55828,952835,1008663,59.278
Bangladesh,BGD,SEARO,23/06/2022,299180594,131733366,181.664,79.989,38374698,83412932,115350286,6437344,121787630,73.95,"AstraZeneca - Vaxzevria,Beijing CNBG - BBIBP-CorV,Gamaleya - Gam-Covid-Vac,Janssen - Ad26.COV 2-S,Moderna - Spikevax,Pfizer BioNTech - Comirnaty,SII - Covishield,Sinovac - CoronaVac",27/01/2021,8,25807218,42724971,68532189,41.613
Barbados,BRB,AMRO,24/12/2022,374195,163445,130.211,56.875,49385,105117,142969,11533,154502,53.763,"AstraZeneca - Vaxzevria,Beijing CNBG - BBIBP-CorV,Janssen - Ad26.COV 2-S,Pfizer BioNTech - Comirnaty,SII - Covishield",08/01/2021,5,27333,35506,62839,21.867
Belarus,BLR,EURO,28/02/2022,15582410,6501526,164.9,68.804,1274474,5116322,3455596,2935200,6390796,67.632,"Beijing CNBG - BBIBP-CorV,Chumakov - Covi-Vac,Gamaleya - Gam-Covid-Vac,Gamaleya - Sputnik-Light",03/02/2021,4,2396441,3324336,5720777,59.727
Belgium,BEL,EURO,25/12/2022,25825455,9245845,224.1,80.242,7250706,1899023,9092083,57646,9149729,79.408,"AstraZeneca - Vaxzevria,Janssen - Ad26.COV 2-S,Moderna - Spikevax,Pfizer BioNTech - Comirnaty",30/12/2020,4,2829436,4415936,7245372,62.365
Belize,BLZ,AMRO,07/04/2022,499320,250546,125.575,63.01,114509,105392,197888,22013,219901,55.303,"AstraZeneca - Vaxzevria,Beijing CNBG - BBIBP-CorV,Janssen - Ad26.COV 2-S,Pfizer BioNTech - Comirnaty,SII - Covishield",01/03/2021,5,1936,48302,50238,12.634
Benin,BEN,AFRO,16/10/2022,3690703,3205878,30.443,26.444,108719,2580663,2314365,375017,2689382,22.184,"AstraZeneca - Vaxzevria,Janssen - Ad26.COV 2-S,Pfizer BioNTech - Comirnaty,SII - Covishield,Sinovac - CoronaVac",29/03/2021,5,0,0,0,0
Bermuda,BMU,AMRO,09/02/2022,132042,48554,212.037,77.97,44053,3604,15910,31747,47657,76.529,"AstraZeneca - Vaxzevria,Pfizer BioNTech - Comirnaty",11/01/2021,2,14298,17531,31829,51.112
Bhutan,BTN,SEARO,26/12/2022,1975592,697310,256.036,90.371,199415,476928,137822,538521,676343,87.654,"AstraZeneca - Vaxzevria,Beijing CNBG - BBIBP-CorV,Moderna - Spikevax,Pfizer BioNTech - Comirnaty,SII - Covishield",27/03/2021,5,17571,617070,634641,82.249
Bolivia (Plurinational State of),BOL,AMRO,13/11/2022,15218408,7384270,130.372,63.259,4299506,1880676,1478863,4701319,6180182,52.944,"AstraZeneca - Vaxzevria,Beijing CNBG - BBIBP-CorV,Gamaleya - Gam-Covid-Vac,Janssen - Ad26.COV 2-S,Moderna - Spikevax, Pfizer BioNTech - Comirnaty,SII - Covishield",30/01/2021,7,2139621,348047,2487668,21.311
Bonaire,BES,AMRO,15/10/2022,41361,17460,197.758,83.481,4611,11273,13278,2606,15884,75.945,"Pfizer BioNTech - Comirnaty, Sinovac - CoronaVac, Bharat - Covaxin",28/03/2021,3,2507,5618,8125,38.848
Bosnia and Herzegovina,BIH,EURO,05/01/2022,1924950,943394,58.7,28.755,775979,70101,618600,227480,846080,25.789,"AstraZeneca - AZD1222, Pfizer BioNTech - Comirnaty, Sinovac - CoronaVac, Gamaleya - Sputnik V",23/03/2021,4,0,0,0,0
Botswana,BWA,AFRO,13/10/2022,2891400,1515015,122.953,64.424,209069,1166263,431601,943731,1375332,58.484,"Bharat - Covaxin,Janssen - Ad26.COV 2-S,Moderna - Spikevax,Pfizer BioNTech - Comirnaty,SII - Covishield,Sinovac - CoronaVac",26/03/2021,6,278075,229579,507654,21.587
Brazil,BRA,AMRO,21/01/2022,479103959,183587361,225.398,86.37,38998654,126193423,43733746,121458331,165192077,77.716,"AstraZeneca - Vaxzevria,Janssen - Ad26.COV 2-S,Pfizer BioNTech - Comirnaty,SII - Covishield,Sinovac - CoronaVac",17/01/2021,5,48794120,61588217,110382337,51.93
British Virgin Islands,VGB,AMRO,09/12/2022,41453,19466,137.094,64.378,4577,13684,11798,6463,18261,60.393,"AstraZeneca - Vaxzevria,Janssen - Ad26.COV 2-S",11/02/2021,2,2921,805,3726,12.323
Brunei Darussalam,BRN,WPRO,08/12/2022,1273212,449769,291.034,102.809,391555,53202,117277,327480,444757,101.664,"AstraZeneca - Vaxzevria,Beijing CNBG - BBIBP-CorV,Janssen - Ad26.COV 2-S,Moderna - Spikevax,Pfizer BioNTech - Comirnaty",03/04/2021,5,148096,192370,340466,77.825
Bulgaria,BGR,EURO,27/05/2022,4537223,2101905,65.3,30.237,404383,1668544,1342019,730908,2072927,29.82,"AstraZeneca - Vaxzevria,Janssen - Ad26.COV 2-S,Moderna - Spikevax,Pfizer BioNTech - Comirnaty",30/12/2020,4,316881,516254,833135,12.182
Burkina Faso,BFA,AFRO,08/04/2022,3740943,3074643,17.896,14.709,764387,1369007,1962712,170682,2133394,10.206,"Beijing CNBG - BBIBP-CorV,Janssen - Ad26.COV 2-S,SII - Covishield",02/06/2021,3,2927,1129,4056,0.019
Burundi,BDI,AFRO,04/04/2022,21467,19568,0.181,0.165,2743,16229,638,18334,18972,0.16,Beijing CNBG - BBIBP-CorV,18/10/2021,1,8,306,314,0.003
Cabo Verde,CPV,AFRO,06/02/2022,857874,356544,154.297,64.128,224274,84277,12266,296285,308551,55.496,"Beijing CNBG - BBIBP-CorV,Moderna - Spikevax,Pfizer BioNTech - Comirnaty,SII - Covishield",18/03/2021,4,2419025,719687,3138712,11.899
Cambodia,KHM,WPRO,11/11/2022,43822585,15186867,262.113,90.836,779132,13756793,10059648,4476277,14535925,86.943,"AstraZeneca - Vaxzevria,Beijing CNBG - BBIBP-CorV,Janssen - Ad26.COV 2-S,Moderna - Spikevax,Pfizer BioNTech - Comirnaty,SII - Covishield,Sinovac - CoronaVac",10/02/2021,7,730,19,749,0.135
Cameroon,CMR,AFRO,14/02/2022,1893318,1607691,7.132,6.056,470391,786315,437403,819303,1256706,4.734,"Beijing CNBG - BBIBP-CorV,Janssen - Ad26.COV 2-S,Pfizer BioNTech - Comirnaty,SII - Covishield",12/04/2021,4,2408677,8338061,10746738,64.279
Canada,CAN,AMRO,24/10/2022,88148937,32787406,233.556,86.872,8801302,22631301,11296627,20135976,31432603,83.282,"AstraZeneca - Vaxzevria,Janssen - Ad26.COV 2-S,Moderna - Spikevax,Pfizer BioNTech - Comirnaty,SII - Covishield",14/12/2020,5,309204,494356,803560,3.027
Cayman Islands,CYM,AMRO,11/06/2022,148160,61663,225.441,93.827,4403,55742,10122,50023,60145,91.517,Pfizer BioNTech - Comirnaty,15/01/2021,1,19297008,479316,19776324,52.399
Central African Republic,CAF,AFRO,17/04/2022,1707255,1660574,35.349,34.382,1171715,398366,1429808,140273,1570081,32.508,"Bharat - Covaxin,SII - Covishield",19/03/2021,2,3256,20808,24064,36.616
Chad,TCD,AFRO,01/06/2022,3876928,3739193,23.603,22.764,3295371,316246,1877296,1734321,3611617,21.987,Beijing CNBG - BBIBP-CorV,04/06/2021,1,15834,350387,366221,7.583
Chile,CHL,AMRO,20/04/2022,62229394,18065602,325.532,94.504,12260869,5411523,13071770,4600622,17672392,92.447,"AstraZeneca - Vaxzevria,CanSino - Convidecia,Moderna - Spikevax,Pfizer BioNTech - Comirnaty,Sinovac - CoronaVac",21/12/2020,5,2863588,1178985,4042573,24.611
China,CHN,WPRO,30/01/2022,3455225743,1307449048,234.844,88.864,649330125,627901916,253749623,1023482418,1277232041,86.811,"Anhui ZL - Zifivax,Beijing CNBG - BBIBP-CorV,CanSino - Convidecia,IMB - Covidful,Pfizer BioNTech - Comirnaty,Shenzhen - LV-SMENP-DC,Sinovac - CoronaVac,Wuhan CNBG - Inactivated",22/07/2020,8,9671049,6095937,15766986,82.48
Colombia,COL,AMRO,24/03/2022,87566541,42633866,172.094,83.788,15096918,21382896,22969043,13510771,36479814,71.694,"AstraZeneca - Vaxzevria,Janssen - Ad26.COV 2-S,Moderna - Spikevax,Pfizer BioNTech - Comirnaty,Sinovac - CoronaVac",17/02/2021,5,820193625,13866508,834060133,56.689
Comoros,COM,AFRO,26/10/2022,804403,423255,92.503,48.672,78440,303592,257009,125023,382032,43.932,"Beijing CNBG - BBIBP-CorV,Bharat - Covaxin,SII - Covishield",10/04/2021,3,1721455,13071337,14792792,29.072
Congo,COG,AFRO,01/12/2022,833210,695760,15.1,12.609,297239,356880,325977,328142,654119,11.854,"Beijing CNBG - BBIBP-CorV,Gamaleya - Gam-Covid-Vac,Moderna - Spikevax,SII - Covishield",23/03/2021,4,0,0,0,0
Cook Islands,COK,WPRO,28/11/2022,39612,15020,225.529,85.516,14277,399,7232,7444,14676,83.557,Pfizer BioNTech - Comirnaty,17/05/2021,1,0,0,0,0
Costa Rica,CRI,AMRO,03/09/2022,11913344,4471009,233.865,87.768,1604958,2598209,2545320,1657847,4203167,82.51,"AstraZeneca - Vaxzevria,Moderna - Spikevax,Pfizer BioNTech - Comirnaty",24/12/2020,3,9328,912,10240,58.301
Côte d’Ivoire,CIV,AFRO,16/04/2022,18547812,10721755,70.315,40.646,1607079,7210676,3758555,5059200,8817755,33.428,"Beijing CNBG - BBIBP-CorV,Gamaleya - Gam-Covid-Vac,Janssen - Ad26.COV 2-S,Pfizer BioNTech - Comirnaty,SII - Covishield",01/03/2021,5,404635,2553339,2957974,58.066
Croatia,HRV,EURO,08/07/2022,5293366,2316460,130.4,57.115,1181774,1061488,442477,1800785,2243262,55.278,"AstraZeneca - Vaxzevria,Janssen - Ad26.COV 2-S,Moderna - Spikevax,Novavax-NUVAXOVID,Pfizer BioNTech - Comirnaty,Unknown Vaccine",23/12/2020,6,67538,928560,996098,25.79
Cuba,CUB,AMRO,04/07/2022,37691939,10701830,332.773,94.484,1469133,8521141,2869738,7120536,9990274,88.202,"CIGB - CIGB-66,Finlay - Soberana Plus,Finlay - Soberana-02",24/03/2021,3,7485889,1256257,8742146,77.182
Curaçao,CUW,AMRO,12/10/2022,255346,108478,155.611,66.108,42730,57101,10687,89144,99831,60.838,"AstraZeneca - Vaxzevria,Moderna - Spikevax,Pfizer BioNTech - Comirnaty",24/02/2021,3,37572,5566,43138,26.289
Cyprus,CYP,EURO,13/09/2022,1818605,667024,204.8,75.115,93524,562049,577562,78011,655573,73.825,"AstraZeneca - Vaxzevria,Janssen - Ad26.COV 2-S,Moderna - Spikevax,Novavax-NUVAXOVID,Pfizer BioNTech - Comirnaty",23/12/2020,5,179389,308020,487409,53.875
Czechia,CZE,EURO,20/02/2022,17977765,6966172,168.1,65.141,1149673,5731050,1629213,5251510,6880723,64.342,"AstraZeneca - Vaxzevria,Janssen - Ad26.COV 2-S,Moderna - Spikevax,Novavax-NUVAXOVID,Pfizer BioNTech - Comirnaty",23/12/2020,5,2202051,2164115,4366166,41.516
Democratic Republic of the Congo,COD,AFRO,17/05/2022,5286630,4884351,5.903,5.454,894041,2177969,2200894,871116,3072010,3.43,SII - Covishield,19/04/2021,1,0,0,0,0
Denmark,DNK,EURO,21/11/2022,13198790,4816219,226.7,82.714,2914831,1863780,563871,4214740,4778611,82.068,"AstraZeneca - Vaxzevria,Janssen - Ad26.COV 2-S,Moderna - Spikevax,Pfizer BioNTech - Comirnaty,Unknown Vaccine",16/12/2020,5,2948740,668253,3616993,61.582
Djibouti,DJI,EMRO,31/03/2022,260427,239808,26.359,24.272,210592,8849,137308,82133,219441,22.211,"AstraZeneca - Vaxzevria,Beijing CNBG - BBIBP-CorV,Bharat - Covaxin,CanSino - Convidecia,Gamaleya - Gam-Covid-Vac,Gamaleya - Sputnik-Light,Janssen - Ad26.COV 2-S,Moderna - Spikevax,Pfizer BioNTech - Comirnaty,SII - Covishield,Sinovac - CoronaVac",15/03/2021,11,0,0,0,0
Dominica,DMA,AMRO,02/01/2022,67431,32872,93.666,45.661,20466,10100,19586,10980,30566,42.458,"AstraZeneca - Vaxzevria,Beijing CNBG - BBIBP-CorV,Moderna - Spikevax,Pfizer BioNTech - Comirnaty,SII - Covishield",12/02/2021,5,264,3729,3993,5.547
Dominican Republic,DOM,AMRO,12/12/2022,15774482,7277678,145.415,67.088,4927212,1113535,2942558,3098189,6040747,55.686,"AstraZeneca - Vaxzevria,SII - Covishield,Sinovac - CoronaVac",16/02/2021,3,561417,1992849,2554266,23.546
Ecuador,ECU,AMRO,08/01/2022,37723769,15258768,213.817,86.486,80242,14039572,7390395,6729419,14119814,80.03,"AstraZeneca - Vaxzevria,CanSino - Convidecia,Pfizer BioNTech - Comirnaty,Sinovac - CoronaVac",20/01/2021,4,2053368,5655098,7708466,43.691
Egypt,EGY,EMRO,07/03/2022,98424374,52817695,96.179,51.613,5215779,34258708,15260647,24213840,39474487,38.574,"AstraZeneca - Vaxzevria,Beijing CNBG - BBIBP-CorV,Bharat - Covaxin,CanSino - Convidecia,Gamaleya - Gam-Covid-Vac,Gamaleya - Sputnik-Light,Janssen - Ad26.COV 2-S,Moderna - Spikevax,Pfizer BioNTech - Comirnaty,Sinovac - CoronaVac",24/01/2021,10,11937113,3280239,15217352,14.87
El Salvador,SLV,AMRO,08/06/2022,11090515,4612795,170.986,71.117,3065247,1251028,1012149,3304126,4316275,66.545,"AstraZeneca - Vaxzevria,Beijing CNBG - BBIBP-CorV,Moderna - Spikevax,Pfizer BioNTech - Comirnaty,SII - Covishield,Sinovac - CoronaVac",17/02/2021,6,841143,1057059,1898202,29.265
Equatorial Guinea,GNQ,AFRO,29/11/2022,488738,270109,34.836,19.252,209297,4735,59460,154572,214032,15.255,"Beijing CNBG - BBIBP-CorV,Sinovac - CoronaVac",12/02/2021,2,48,4549,4597,0.328
Eritrea,ERI,AFRO,11/02/2022,0,0,0,0,0,0,0,0,0,0,None,NA,0,0,0,0,0
Estonia,EST,EURO,22/08/2022,2129710,843782,160.3,63.491,209246,625163,562843,271566,834409,62.786,"AstraZeneca - Vaxzevria,Janssen - Ad26.COV 2-S,Moderna - Spikevax,Novavax-NUVAXOVID,Pfizer BioNTech - Comirnaty",23/12/2020,5,138594,348795,487389,36.596
Eswatini,SWZ,AFRO,09/05/2022,773579,492162,66.678,42.422,95389,395284,385149,105524,490673,42.293,"Janssen - Ad26.COV 2-S,Pfizer BioNTech - Comirnaty,SII - Covishield",19/03/2021,3,71007,108443,179450,15.468
Ethiopia,ETH,AFRO,25/03/2022,52509414,43111242,45.675,37.5,10834858,25872499,3301369,33405988,36707357,31.93,"Beijing CNBG - BBIBP-CorV,Bharat - Covaxin,Janssen - Ad26.COV 2-S,SII - Covishield",13/03/2021,4,5019653,958417,5978070,5.2
Falkland Islands (Malvinas),FLK,AMRO,05/03/2022,9390,3220,269.595,92.449,2858,118,780,2196,2976,85.444,AstraZeneca - AZD1222,18/02/2021,1,143,2400,2543,73.012
Faroe Islands,FRO,EURO,19/12/2022,103894,41715,212.614,85.368,22367,18528,31660,9235,40895,83.69,"Moderna - mRNA-1273, Pfizer BioNTech - Comirnaty",19/03/2021,2,7192,14092,21284,43.557
Fiji,FJI,WPRO,13/04/2022,1538912,709581,171.668,79.155,570928,67259,608600,29587,638187,71.191,"AstraZeneca - Vaxzevria,Moderna - Spikevax,SII - Covishield",07/03/2021,3,82986,89092,172078,19.196
Finland,FIN,EURO,15/06/2022,12847919,4541521,232.5,82.195,2190827,2165748,2844929,1511646,4356575,78.848,"AstraZeneca - Vaxzevria,Janssen - Ad26.COV 2-S,Moderna - Spikevax,Pfizer BioNTech - Comirnaty,Unknown Vaccine",23/12/2020,5,1039221,2049510,3088731,55.67
France,FRA,EURO,25/10/2022,153340653,54562129,227.8,81.049,32033627,21015832,4948761,48100698,53049459,78.802,"AstraZeneca - Vaxzevria,Janssen - Ad26.COV 2-S,Moderna - Spikevax,Novavax-NUVAXOVID,Pfizer BioNTech - Comirnaty,Unknown Vaccine",30/12/2020,6,6403035,34639125,41042160,60.47
French Guiana,GUF,AMRO,11/06/2022,236724,99479,79.256,33.306,2542,87671,37403,52810,90213,30.204,"Moderna - Spikevax,Pfizer BioNTech - Comirnaty",13/01/2021,2,29890,16441,46331,15.512
French Polynesia,PYF,WPRO,28/07/2022,460803,188245,164.041,67.013,21773,161876,156957,26692,183649,65.377,"Janssen - Ad26.COV 2-S,Pfizer BioNTech - Comirnaty",18/01/2021,2,8135,94182,102317,36.424
Gabon,GAB,AFRO,25/07/2022,569829,310579,25.602,13.954,194320,62937,116062,141195,257257,11.558,"Beijing CNBG - BBIBP-CorV,Gamaleya - Gam-Covid-Vac,Pfizer BioNTech - Comirnaty",23/03/2021,3,391,2201,2592,0.116
Gambia,GMB,AFRO,04/10/2022,815861,452514,33.76,18.725,158718,198672,356166,1224,357390,14.789,"Beijing CNBG - BBIBP-CorV,SII - Covishield",10/03/2021,2,42058,11683,53741,2.224
Georgia,GEO,EURO,08/03/2022,2718171,1292672,68.1,32.404,670681,507219,58908,1118992,1177900,29.527,"AstraZeneca - Vaxzevria,Beijing CNBG - BBIBP-CorV,Pfizer BioNTech - Comirnaty,Sinovac - CoronaVac",17/03/2021,4,37999,213192,251191,6.684
Germany,DEU,EURO,25/01/2022,185144577,64775678,222.6,77.887,51314883,13543808,42978645,21880046,64858691,77.986,"AstraZeneca - Vaxzevria,Janssen - Ad26.COV 2-S,Moderna - Spikevax,Novavax-NUVAXOVID,Pfizer BioNTech - Comirnaty,Unknown Vaccine",23/12/2020,6,27118501,25025325,52143826,62.645
Ghana,GHA,AFRO,04/11/2022,19340804,11471547,62.243,36.918,7862967,498873,3635967,4725873,8361840,26.91,"Gamaleya - Gam-Covid-Vac,SII - Covishield",02/03/2021,2,2236319,2569698,4806017,15.467
Gibraltar,GIB,EURO,20/12/2022,119855,42074,355.748,124.882,12531,28890,33450,7971,41421,122.944,"AstraZeneca - AZD1222, Pfizer BioNTech - Comirnaty",05/03/2021,2,38182,10988,49170,145.944
Greece,GRC,EURO,26/10/2022,21448847,7909097,200.1,73.789,4374150,3357866,2814716,4917300,7732016,72.137,"AstraZeneca - Vaxzevria,Janssen - Ad26.COV 2-S,Moderna - Spikevax,Novavax-NUVAXOVID,Pfizer BioNTech - Comirnaty",23/12/2020,5,960463,4941894,5902357,56.429
Greenland,GRL,EURO,07/08/2022,79745,41243,140.465,72.647,31395,7107,4618,33884,38502,67.819,Moderna - mRNA-1273,15/02/2021,1,0,0,0,0
Grenada,GRD,AMRO,18/06/2022,90138,44050,80.106,39.148,29725,9111,6234,32602,38836,34.514,"AstraZeneca - Vaxzevria,Janssen - Ad26.COV 2-S,Pfizer BioNTech - Comirnaty,SII - Covishield",15/02/2021,4,6573,838,7411,6.586
Guadeloupe,GLP,AMRO,07/01/2022,385712,150077,96.398,37.508,36672,107524,59023,85173,144196,36.038,"AstraZeneca - Vaxzevria,Janssen - Ad26.COV 2-S,Moderna - Spikevax,Novavax-NUVAXOVID,Pfizer BioNTech - Comirnaty",08/01/2021,7,81005,8004,89009,22.245
Guam,GUM,WPRO,23/12/2022,368088,155225,218.094,91.972,132126,8888,67510,73504,141014,83.551,"Janssen - Ad26.COV 2-S,Moderna - Spikevax,Pfizer BioNTech - Comirnaty",04/01/2021,3,48910,34693,83603,49.535
Guatemala,GTM,AMRO,26/03/2022,19553871,8758252,109.145,48.886,1317829,5552252,1343054,5527027,6870081,38.347,"AstraZeneca - Vaxzevria,Gamaleya - Gam-Covid-Vac,Moderna - Spikevax,Pfizer BioNTech - Comirnaty,SII - Covishield",25/02/2021,5,3418337,301206,3719543,20.762
Guernsey,GGY,EURO,05/12/2022,157708,49598,244.63,77.452,608,42815,14126,29297,43423,67.809,"Moderna - mRNA-1273, AstraZeneca - AZD1222, Pfizer BioNTech - Comirnaty",04/03/2021,3,57061,12278,69339,107.556
Guinea,GIN,AFRO,04/05/2022,7472471,5137173,56.899,39.117,2312954,581223,1625218,1268959,2894177,22.038,"Beijing CNBG - BBIBP-CorV,Gamaleya - Gam-Covid-Vac,Janssen - Ad26.COV 2-S,Pfizer BioNTech - Comirnaty,SII - Covishield,Sinovac - CoronaVac",05/03/2021,6,64659,360719,425378,3.239
Guinea-Bissau,GNB,AFRO,07/02/2022,673091,640393,34.202,32.54,194142,210086,204815,199413,404228,20.54,"Beijing CNBG - BBIBP-CorV,SII - Covishield",02/04/2021,2,37094,39265,76359,3.88
Guyana,GUY,AMRO,12/03/2022,939589,490230,119.457,62.326,291519,84747,317561,58705,376266,47.837,"AstraZeneca - Vaxzevria,Beijing CNBG - BBIBP-CorV,Gamaleya - Gam-Covid-Vac,Janssen - Ad26.COV 2-S,Moderna - Spikevax,Pfizer BioNTech - Comirnaty,SII - Covishield",11/02/2021,7,20418,57456,77874,9.901
Haiti,HTI,AMRO,02/03/2022,470964,361212,4.13,3.168,171226,51077,73831,148472,222303,1.95,"Janssen - Ad26.COV 2-S,Moderna - Spikevax",19/01/2021,2,70534,128700,199234,54.325
Honduras,HND,AMRO,04/10/2022,15527895,6325371,156.774,63.863,754194,4845432,5263267,336359,5599626,56.536,"AstraZeneca - Vaxzevria,Gamaleya - Gam-Covid-Vac,Janssen - Ad26.COV 2-S,Moderna - Spikevax,Pfizer BioNTech - Comirnaty,SII - Covishield",22/02/2021,6,3435780,1229416,4665196,47.101
Hungary,HUN,EURO,22/02/2022,16469299,6353515,168.6,65.034,5760673,386121,782752,5364042,6146794,62.918,"AstraZeneca - Vaxzevria,Beijing CNBG - BBIBP-CorV,Gamaleya - Gam-Covid-Vac,Janssen - Ad26.COV 2-S,Moderna - Spikevax,Pfizer BioNTech - Comirnaty,Sinovac - CoronaVac",23/12/2020,7,2982852,885853,3868705,39.929
Iceland,ISL,EURO,06/02/2022,828071,307001,227.4,84.31,18534,279017,222216,75335,297551,81.715,"AstraZeneca - Vaxzevria,Janssen - Ad26.COV 2-S,Moderna - Spikevax,Pfizer BioNTech - Comirnaty",30/12/2020,4,128581,125975,254556,67.656
India,IND,SEARO,05/12/2022,2179427825,1024660313,157.929,74.251,742598150,205439502,366868925,581168727,948037652,68.698,"Bharat - Covaxin,Biological E - Corbevax,Gamaleya - Gam-Covid-Vac,Janssen - Ad26.COV 2-S,Moderna - Spikevax,SII - Covishield,SII - Covovax,Zydus - ZyCov-D",16/01/2021,8,33155405,195659748,228815153,16.581
Indonesia,IDN,SEARO,15/07/2022,437867669,204114735,160.084,74.624,150580403,20126403,138962494,31744312,170706806,62.41,"AstraZeneca - Vaxzevria,Beijing CNBG - BBIBP-CorV,Janssen - Ad26.COV 2-S,Moderna - Spikevax,Novavax-NUVAXOVID,Pfizer BioNTech - Comirnaty,Sinovac - CoronaVac",13/01/2021,7,65617717,3738533,69356250,25.357
Iran (Islamic Republic of),IRN,EMRO,17/11/2022,154418093,65043431,183.846,77.439,36244181,22187118,32664666,25766633,58431299,69.567,"AstraZeneca - Vaxzevria,Beijing CNBG - BBIBP-CorV,Bharat - Covaxin,CanSino - Convidecia,Finlay - Soberana-02,Gamaleya - Gam-Covid-Vac,Gamaleya - Sputnik-Light,Janssen - Ad26.COV 2-S,Moderna - Spikevax,Pfizer BioNTech - Comirnaty,Shifa - COVIran Barakat,Sinovac - CoronaVac",09/02/2021,12,25396467,3179767,28576234,34.022
Iraq,IRQ,EMRO,17/07/2022,19264920,11163251,47.896,27.754,7519165,332976,2237813,5614328,7852141,19.522,"AstraZeneca - Vaxzevria,Beijing CNBG - BBIBP-CorV,Bharat - Covaxin,CanSino - Convidecia,Gamaleya - Gam-Covid-Vac,Gamaleya - Sputnik-Light,Janssen - Ad26.COV 2-S,Moderna - Spikevax,Pfizer BioNTech - Comirnaty,Sinovac - CoronaVac",02/03/2021,10,62702,212578,275280,0.684
Ireland,IRL,EURO,21/06/2022,11615622,4039917,234,83.918,3212818,791912,2153517,1851213,4004730,80.668,"AstraZeneca - Vaxzevria,Janssen - Ad26.COV 2-S,Moderna - Spikevax,Novavax-NUVAXOVID,Pfizer BioNTech - Comirnaty",30/12/2020,5,380372,2678017,3058389,60.442
Isle of Man,IMN,EURO,22/07/2022,189994,69560,223.438,81.804,8310,58796,58422,8684,67106,78.919,"Moderna - mRNA-1273, AstraZeneca - AZD1222, Pfizer BioNTech - Comirnaty",09/03/2021,3,48614,4714,53328,62.715
Israel,ISR,EURO,05/04/2022,15026951,7055466,173.6,81.514,5356676,1029055,5625650,760081,6385731,73.776,"AstraZeneca - Vaxzevria,Moderna - Spikevax,Pfizer BioNTech - Comirnaty",16/12/2020,3,3898329,575779,4474108,50.271
Italy,ITA,EURO,27/08/2022,139417799,50431965,233.8,84.563,37880363,9626340,28397721,19108982,47506703,79.654,"AstraZeneca - Vaxzevria,Janssen - Ad26.COV 2-S,Moderna - Spikevax,Novavax-NUVAXOVID,Pfizer BioNTech - Comirnaty",23/12/2020,5,36286919,8630581,44917500,76.092
Jamaica,JAM,AMRO,26/03/2022,1487460,831009,50.232,28.064,721076,8777,332423,397430,729853,24.647,"AstraZeneca - Vaxzevria,Beijing CNBG - BBIBP-CorV,Janssen - Ad26.COV 2-S,Pfizer BioNTech - Comirnaty,SII - Covishield",10/03/2021,5,33409,12586,45995,1.553
Japan,JPN,WPRO,28/04/2022,321037169,104184141,253.832,82.374,43687846,59084569,52282448,50489967,102772415,81.258,"AstraZeneca - Vaxzevria,Moderna - Spikevax,Novavax-NUVAXOVID,Pfizer BioNTech - Comirnaty",17/02/2021,4,14805389,71791184,86596573,68.469
Jersey,JEY,EURO,09/05/2022,245039,84019,227.317,77.943,51957,29464,15512,65909,81421,75.532,"Moderna - mRNA-1273, AstraZeneca - AZD1222, Pfizer BioNTech - Comirnaty",29/12/2020,3,49066,24596,73662,68.335
Jordan,JOR,EMRO,19/04/2022,10057975,4821579,98.577,47.256,625823,3932490,4542777,15536,4558313,44.676,"AstraZeneca - Vaxzevria,Beijing CNBG - BBIBP-CorV,Bharat - Covaxin,CanSino - Convidecia,Gamaleya - Gam-Covid-Vac,Gamaleya - Sputnik-Light,Janssen - Ad26.COV 2-S,Moderna - Spikevax,Pfizer BioNTech - Comirnaty,Sinovac - CoronaVac",13/01/2021,10,224386,457825,682211,6.686
Kazakhstan,KAZ,EURO,19/04/2022,28534676,10962519,152,58.384,6190034,5365752,9230301,2325485,11555786,61.543,"Beijing CNBG - BBIBP-CorV,Gamaleya - Gam-Covid-Vac,Pfizer BioNTech - Comirnaty,RIBSP - QazVac,Sinovac - CoronaVac",07/04/2021,5,4772310,2029216,6801526,35.431
Kenya,KEN,AFRO,16/09/2022,21281086,13460152,39.577,25.032,3876251,6109436,1478731,8506956,9985687,18.571,"Beijing CNBG - BBIBP-CorV,Janssen - Ad26.COV 2-S,Moderna - Spikevax,Pfizer BioNTech - Comirnaty,SII - Covishield",05/03/2021,5,383591,1617045,2000636,3.721
Kiribati,KIR,WPRO,12/06/2022,159883,82774,133.85,69.297,51471,11405,21667,41209,62876,52.638,"AstraZeneca - Vaxzevria,Beijing CNBG - BBIBP-CorV",26/05/2021,2,2088,35518,37606,31.483
Kosovo,XKX,EURO,02/03/2022,1835336,904135,102.2,50.351,126147,698149,702647,121649,824296,45.905,"AstraZeneca - Vaxzevria,Pfizer BioNTech - Comirnaty",31/03/2021,2,80709,24915,105624,5.927
Kuwait,KWT,EMRO,27/07/2022,8214656,3445141,192.355,80.672,174941,3162358,3014692,322607,3337299,78.146,"AstraZeneca - Vaxzevria,Beijing CNBG - BBIBP-CorV,Bharat - Covaxin,CanSino - Convidecia,Gamaleya - Gam-Covid-Vac,Gamaleya - Sputnik-Light,Janssen - Ad26.COV 2-S,Moderna - Spikevax,Pfizer BioNTech - Comirnaty,Sinovac - CoronaVac",28/12/2020,10,402549,1054995,1457544,34.13
Kyrgyzstan,KGZ,EURO,18/07/2022,2970097,1465468,45.5,22.462,1070554,225785,938911,357428,1296339,19.87,"AstraZeneca - Vaxzevria,Beijing CNBG - BBIBP-CorV,Gamaleya - Gam-Covid-Vac,Moderna - Spikevax,Pfizer BioNTech - Comirnaty,RIBSP - QazVac",31/03/2021,6,285659,15159,300818,4.608
Lao People's Democratic Republic,LAO,WPRO,31/07/2022,12121844,5901442,166.61,81.113,2107931,3130445,3549189,1689187,5238376,72,"AstraZeneca - Vaxzevria,Beijing CNBG - BBIBP-CorV,Gamaleya - Gam-Covid-Vac,Gamaleya - Sputnik-Light,Janssen - Ad26.COV 2-S,Pfizer BioNTech - Comirnaty,SII - Covishield,Sinovac - CoronaVac",25/11/2020,8,1755585,695449,2451034,33.689
Latvia,LVA,EURO,11/12/2022,2847648,1303023,149.3,68.304,936839,334750,436523,835066,1271589,66.656,"AstraZeneca - Vaxzevria,Janssen - Ad26.COV 2-S,Moderna - Spikevax,Novavax-NUVAXOVID,Pfizer BioNTech - Comirnaty",30/12/2020,5,139166,411735,550901,29.37
Lebanon,LBN,EMRO,28/06/2022,5778363,2727295,84.659,39.958,249107,2153819,1284647,1118279,2402926,35.205,"AstraZeneca - Vaxzevria,Beijing CNBG - BBIBP-CorV,Bharat - Covaxin,CanSino - Convidecia,Gamaleya - Gam-Covid-Vac,Gamaleya - Sputnik-Light,Janssen - Ad26.COV 2-S,Moderna - Spikevax,Pfizer BioNTech - Comirnaty,Sinovac - CoronaVac",14/02/2021,10,176010,484239,660249,9.673
Lesotho,LSO,AFRO,31/05/2022,1102069,1631364,51.444,76.152,688622,184039,156663,715998,872661,40.736,"Beijing CNBG - BBIBP-CorV,Janssen - Ad26.COV 2-S,SII - Covishield",10/03/2021,3,54867,122949,177816,8.3
Liberia,LBR,AFRO,02/02/2022,3657724,3634393,72.32,71.859,2791584,270641,2683351,378874,3062225,60.546,SII - Covishield,01/04/2021,1,1211,776,1987,0.039
Libya,LBY,EMRO,19/01/2022,3710544,2304757,54.001,33.542,517820,711225,737824,491221,1229045,17.887,"AstraZeneca - Vaxzevria,Beijing CNBG - BBIBP-CorV,Bharat - Covaxin,CanSino - Convidecia,Gamaleya - Gam-Covid-Vac,Gamaleya - Sputnik-Light,Janssen - Ad26.COV 2-S,Moderna - Spikevax,Pfizer BioNTech - Comirnaty,Sinovac - CoronaVac",11/04/2021,10,28400,158329,186729,2.718
Liechtenstein,LIE,OTHER,15/12/2022,71104,26681,183.5,68.86,20556,5790,4997,21349,26346,67.995,"Janssen - Ad26.COV 2-S,Moderna - Spikevax,Pfizer BioNTech - Comirnaty",06/01/2021,3,6869,11441,18310,47.255
Lithuania,LTU,EURO,29/07/2022,4487030,1954306,160.6,70.098,94253,1810301,1126884,777670,1904554,68.164,"AstraZeneca - Vaxzevria,Janssen - Ad26.COV 2-S,Moderna - Spikevax,Pfizer BioNTech - Comirnaty,Unknown Vaccine",23/12/2020,5,395958,506156,902114,32.149
Luxembourg,LUX,EURO,13/09/2022,1310850,469350,209.4,74.963,209898,252788,304758,157928,462686,73.899,"AstraZeneca - Vaxzevria,Janssen - Ad26.COV 2-S,Moderna - Spikevax,Novavax-NUVAXOVID,Pfizer BioNTech - Comirnaty",30/12/2020,5,40866,327660,368526,57.101
Madagascar,MDG,AFRO,04/01/2022,1871165,1579817,6.757,5.705,926001,589382,939124,576259,1515383,5.472,"Beijing CNBG - BBIBP-CorV,Janssen - Ad26.COV 2-S,SII - Covishield",10/05/2021,3,151426,17761,169187,0.611
Malawi,MWI,AFRO,21/09/2022,4575245,3162840,23.917,16.533,835769,1542814,1197915,1180668,2378583,12.434,"Janssen - Ad26.COV 2-S,SII - Covishield",11/03/2021,2,1092444,140385,1232829,6.444
Malaysia,MYS,WPRO,09/11/2022,72105683,28098910,222.782,86.816,19714293,7789396,12212983,15290706,27503689,84.977,"AstraZeneca - Vaxzevria,Beijing CNBG - BBIBP-CorV,CanSino - Convidecia,Gamaleya - Gam-Covid-Vac,Janssen - Ad26.COV 2-S,Moderna - Spikevax,Pfizer BioNTech - Comirnaty,Sinovac - CoronaVac",24/02/2021,8,14972912,1367893,16340805,50.488
Maldives,MDV,SEARO,12/09/2022,950888,399102,175.913,73.833,230189,154774,19575,365388,384963,71.218,"AstraZeneca - Vaxzevria,Beijing CNBG - BBIBP-CorV,Gamaleya - Gam-Covid-Vac,Janssen - Ad26.COV 2-S,Moderna - Spikevax,Pfizer BioNTech - Comirnaty,SII - Covishield,Sinovac - CoronaVac",01/02/2021,8,163484,3805,167289,30.948
Mali,MLI,AFRO,04/09/2022,3126178,2283516,15.437,11.276,176919,1566358,988109,755168,1743277,8.608,SII - Covishield,31/03/2021,1,678205,198627,876832,58.912
Malta,MLT,EURO,18/04/2022,1273308,450407,247.5,87.532,327398,117384,417152,27630,444782,86.439,"AstraZeneca - Vaxzevria,Janssen - Ad26.COV 2-S,Moderna - Spikevax,Pfizer BioNTech - Comirnaty",23/12/2020,4,86547,266093,352640,67.689
Marshall Islands,MHL,WPRO,21/06/2022,101728,43299,171.855,73.148,6257,29086,3547,31796,35343,59.707,"Janssen - Ad26.COV 2-S,Moderna - Spikevax,Pfizer BioNTech - Comirnaty",29/12/2020,3,678,17881,18559,31.353
Martinique,MTQ,AMRO,09/07/2022,391311,149803,104.276,39.919,83294,61303,48385,96212,144597,38.532,Pfizer BioNTech - Comirnaty,02/02/2021,1,6629,86290,92919,24.761
Mauritania,MRT,AFRO,10/11/2022,3251620,2005049,69.932,43.123,19203,1404696,219101,1204798,1423899,30.624,"Beijing CNBG - BBIBP-CorV,SII - Covishield",26/03/2021,2,152898,230987,383885,8.256
Mauritius,MUS,AFRO,19/02/2022,2583907,1021934,203.174,80.355,282592,695136,429321,548407,977728,76.879,"Beijing CNBG - BBIBP-CorV,Bharat - Covaxin,SII - Covishield",26/01/2021,3,228661,425846,654507,51.464
Mexico,MEX,AMRO,16/02/2022,209673612,97018292,162.622,75.247,34933465,45014005,30743123,49204347,79947470,62.007,"AstraZeneca - Vaxzevria,CanSino - Convidecia,Gamaleya - Gam-Covid-Vac,Janssen - Ad26.COV 2-S,Moderna - Spikevax,Pfizer BioNTech - Comirnaty,Sinovac - CoronaVac",24/12/2020,7,53581948,3432104,57014052,44.22
Micronesia (Federated States of),FSM,WPRO,05/06/2022,170346,70204,148.097,61.035,47855,18319,56917,9257,66174,57.531,"AstraZeneca - Vaxzevria,Janssen - Ad26.COV 2-S,Moderna - Spikevax,Pfizer BioNTech - Comirnaty",13/01/2021,4,29381,1156,30537,26.549
Monaco,MCO,EURO,18/09/2022,58294,23460,148.5,59.78,1841,21515,14623,8733,23356,59.515,"AstraZeneca - Vaxzevria,Janssen - Ad26.COV 2-S,Moderna - Spikevax,Novavax - Covavax,Novavax-NUVAXOVID,Pfizer BioNTech - Comirnaty",30/06/2021,6,15959,1847,17806,48.536
Mongolia,MNG,WPRO,15/04/2022,5657340,2282141,172.57,69.614,279560,1903071,250694,1931937,2182631,66.578,"AstraZeneca - Vaxzevria,Beijing CNBG - BBIBP-CorV,Gamaleya - Gam-Covid-Vac,Moderna - Spikevax,Pfizer BioNTech - Comirnaty,SII - Covishield",23/02/2021,6,1033777,25062,1058839,32.299
Montenegro,MNE,EURO,16/12/2022,526467,272415,83.8,43.806,83391,170661,45335,208717,254052,40.853,"AstraZeneca - Vaxzevria,Beijing CNBG - BBIBP-CorV,Gamaleya - Gam-Covid-Vac,Pfizer BioNTech - Comirnaty,Unknown Vaccine",24/02/2021,5,0,0,0,0
Montserrat,MSR,AMRO,18/11/2022,4544,2099,90.898,41.988,560,1375,762,1173,1935,38.708,AstraZeneca - Vaxzevria,08/02/2021,1,561,2,563,11.262
Morocco,MAR,EMRO,18/01/2022,55269802,25003222,149.74,67.74,16372436,7126903,6205685,17293654,23499339,63.666,"AstraZeneca - Vaxzevria,Beijing CNBG - BBIBP-CorV,Bharat - Covaxin,CanSino - Convidecia,Gamaleya - Gam-Covid-Vac,Gamaleya - Sputnik-Light,Janssen - Ad26.COV 2-S,Moderna - Spikevax,Pfizer BioNTech - Comirnaty,Sinovac - CoronaVac",28/01/2021,10,2933294,3951062,6884356,18.651
Mozambique,MOZ,AFRO,13/10/2022,19127825,13465329,61.198,43.082,5431210,7430686,12250678,611218,12861896,41.151,"Beijing CNBG - BBIBP-CorV,Janssen - Ad26.COV 2-S,SII - Covishield",08/03/2021,3,863876,1459686,2323562,7.434
Myanmar,MMR,SEARO,14/01/2022,64549994,34777314,118.637,63.917,10620618,16924711,24405507,3139822,27545329,50.626,"Beijing CNBG - BBIBP-CorV,SII - Covishield",27/01/2021,2,1266338,14721043,15987381,29.383
Namibia,NAM,AFRO,25/11/2022,952713,587544,37.495,23.123,68668,445819,333814,180673,514487,20.248,"Beijing CNBG - BBIBP-CorV,Janssen - Ad26.COV 2-S,Pfizer BioNTech - Comirnaty,SII - Covishield",19/03/2021,4,252061,46499,298560,11.75
Nauru,NRU,WPRO,10/12/2022,22976,9464,212.073,87.355,245,8340,6030,2555,8585,79.241,"AstraZeneca - Vaxzevria,SII - Covishield",09/04/2021,2,7220,485,7705,71.119
Nepal,NPL,SEARO,15/06/2022,57909436,27148456,198.75,93.176,18867458,3697772,6968869,15596361,22565230,77.446,"AstraZeneca - Vaxzevria,Beijing CNBG - BBIBP-CorV,Bharat - Covaxin,Gamaleya - Gam-Covid-Vac,Janssen - Ad26.COV 2-S,Moderna - Spikevax,Pfizer BioNTech - Comirnaty,SII - Covishield",27/01/2021,8,2866779,7389512,10256291,35.2
Netherlands,NLD,EURO,09/04/2022,36105753,12776868,207.4,73.398,5551029,6406123,9686986,2270166,11957152,68.689,"AstraZeneca - Vaxzevria,Janssen - Ad26.COV 2-S,Moderna - Spikevax,Novavax-NUVAXOVID,Pfizer BioNTech - Comirnaty,Unknown Vaccine",06/01/2021,6,5871986,3544775,9416761,53.533
New Caledonia,NCL,WPRO,25/12/2022,465964,188411,163.211,65.994,105885,78574,64476,119983,184459,64.61,"Janssen - Ad26.COV 2-S,Pfizer BioNTech - Comirnaty",20/01/2021,2,85252,18073,103325,36.191
New Zealand,NZL,WPRO,25/06/2022,11746117,4257650,243.583,88.292,1761656,2334363,1273498,2822521,4096019,84.94,"AstraZeneca - Vaxzevria,Janssen - Ad26.COV 2-S,Novavax-NUVAXOVID,Pfizer BioNTech - Comirnaty",19/02/2021,4,1916185,803098,2719283,56.391
Nicaragua,NIC,AMRO,12/03/2022,11780033,6060697,177.824,91.488,2921101,2798235,2863278,2856058,5719336,86.335,"AstraZeneca - Vaxzevria,CIGB - CIGB-66,Finlay - Soberana Plus,Finlay - Soberana-02,Gamaleya - Gam-Covid-Vac,Gamaleya - Sputnik-Light,Janssen - Ad26.COV 2-S,Pfizer BioNTech - Comirnaty,SII - Covishield",03/03/2021,9,2435042,457489,2892531,43.664
Niger,NER,AFRO,04/04/2022,4534313,3740079,18.732,15.451,1998070,982902,1690051,1290921,2980972,12.315,"Beijing CNBG - BBIBP-CorV,SII - Covishield",29/03/2021,2,338579,307202,645781,45.98
Nigeria,NGA,AFRO,18/07/2022,70896744,46710345,34.393,22.66,21969616,11839046,27861902,5946760,33808662,16.401,SII - Covishield,05/03/2021,1,13295421,3352325,16647746,8.076
Niue,NIU,WPRO,19/05/2022,4180,1650,258.344,101.978,744,692,1341,95,1436,88.752,Pfizer BioNTech - Comirnaty,08/06/2021,1,999,226,1225,75.711
North Macedonia,MKD,EURO,10/10/2022,1861305,854279,89.3,41.145,411533,426285,453371,384447,837818,40.352,"AstraZeneca - Vaxzevria,Beijing CNBG - BBIBP-CorV,Gamaleya - Gam-Covid-Vac,Moderna - Spikevax,Pfizer BioNTech - Comirnaty,Sinovac - CoronaVac,Wuhan CNBG - Inactivated",17/02/2021,7,66716,94917,161633,7.685
Northern Mariana Islands (Commonwealth of the),MNP,WPRO,24/03/2022,110882,44814,192.647,77.86,43799,145,42341,1603,43944,76.349,"Janssen - Ad26.COV 2-S,Moderna - Spikevax,Pfizer BioNTech - Comirnaty",19/12/2020,3,10694,15427,26121,45.383
Norway,NOR,EURO,26/07/2022,11384475,4343603,212.1,80.923,2679044,1378649,2185227,1872466,4057693,75.596,"AstraZeneca - Vaxzevria,Janssen - Ad26.COV 2-S,Moderna - Spikevax,Pfizer BioNTech - Comirnaty",23/12/2020,4,2380712,639722,3020434,55.673
occupied Palestinian territory,PSE,EMRO,21/05/2022,3741181,2010433,73.336,39.409,415192,1359106,1213421,560877,1774298,34.781,"AstraZeneca - Vaxzevria,Beijing CNBG - BBIBP-CorV,Bharat - Covaxin,CanSino - Convidecia,Gamaleya - Gam-Covid-Vac,Gamaleya - Sputnik-Light,Janssen - Ad26.COV 2-S,Moderna - Spikevax,Pfizer BioNTech - Comirnaty,Sinovac - CoronaVac",02/02/2021,10,77634,259333,336967,6.605
Oman,OMN,EMRO,01/01/2022,7108547,3279632,139.202,64.223,97041,2950914,1836189,1211766,3047955,59.686,"AstraZeneca - Vaxzevria,Beijing CNBG - BBIBP-CorV,Bharat - Covaxin,CanSino - Convidecia,Gamaleya - Gam-Covid-Vac,Gamaleya - Sputnik-Light,Janssen - Ad26.COV 2-S,Moderna - Spikevax,Pfizer BioNTech - Comirnaty,SII - Covishield,Sinovac - CoronaVac",29/12/2020,11,21190,758669,779859,15.272
Pakistan,PAK,EMRO,19/11/2022,310629295,153628995,140.625,69.549,54615220,76611303,119878446,11348077,131226523,59.407,"AstraZeneca - Vaxzevria,Beijing CNBG - BBIBP-CorV,Bharat - Covaxin,CanSino - Convidecia,Gamaleya - Gam-Covid-Vac,Gamaleya - Sputnik-Light,Janssen - Ad26.COV 2-S,Moderna - Spikevax,Pfizer BioNTech - Comirnaty,SII - Covishield,Sinovac - CoronaVac",03/02/2021,11,28859878,24220365,53080243,24.03
Palau,PLW,WPRO,04/08/2022,50160,20094,277.25,111.066,4019,14384,11960,6443,18403,101.719,"Janssen - Ad26.COV 2-S,Moderna - Spikevax,Pfizer BioNTech - Comirnaty",03/01/2021,3,3424,9461,12885,71.219
Panama,PAN,AMRO,04/08/2022,8596144,3500120,199.226,81.12,2695217,451802,3087920,59099,3147019,72.936,"AstraZeneca - Vaxzevria,Pfizer BioNTech - Comirnaty",20/01/2021,2,1330558,439140,1769698,41.015
Papua New Guinea,PNG,WPRO,04/05/2022,485119,352536,5.422,3.94,55735,237175,218677,74233,292910,3.274,"AstraZeneca - Vaxzevria,Beijing CNBG - BBIBP-CorV,Janssen - Ad26.COV 2-S,SII - Covishield",30/03/2021,4,10121,26704,36825,0.412
Paraguay,PRY,AMRO,20/01/2022,9364504,3960665,131.293,55.53,1071261,2437214,3069588,438887,3508475,49.19,"AstraZeneca - Vaxzevria,Beijing CNBG - BBIBP-CorV,Bharat - Covaxin,Gamaleya - Gam-Covid-Vac,Julphar - Hayat-Vax,Moderna - Spikevax,Pfizer BioNTech - Comirnaty,Sinovac - CoronaVac",22/02/2021,8,300597,1360095,1660692,23.283
Peru,PER,AMRO,14/08/2022,83792729,29852057,254.134,90.538,11595186,16585997,6147709,22033474,28181183,85.47,"AstraZeneca - Vaxzevria,Beijing CNBG - BBIBP-CorV,Moderna - Spikevax,Pfizer BioNTech - Comirnaty",09/02/2021,4,6561829,15581245,22143074,67.158
Philippines,PHL,WPRO,17/05/2022,164304227,77470954,149.939,70.697,20200669,52652992,32920567,39933094,72853661,66.484,"AstraZeneca - Vaxzevria,Beijing CNBG - BBIBP-CorV,Bharat - Covaxin,Gamaleya - Gam-Covid-Vac,Gamaleya - Sputnik-Light,Janssen - Ad26.COV 2-S,Julphar - Hayat-Vax,Moderna - Spikevax,Novavax-NUVAXOVID,Pfizer BioNTech - Comirnaty,Sinovac - CoronaVac",01/03/2021,11,18725140,5086108,23811248,21.729
Pitcairn Islands,PCN,WPRO,03/12/2022,138,55,276,110,34,3,21,16,37,74,AstraZeneca - Vaxzevria,17/05/2021,1,13,10,23,46
Poland,POL,EURO,10/08/2022,54976906,22876056,144.8,60.267,18906085,3673382,3611983,18967484,22579467,59.485,"AstraZeneca - Vaxzevria,Janssen - Ad26.COV 2-S,Moderna - Spikevax,Novavax-NUVAXOVID,Pfizer BioNTech - Comirnaty",23/12/2020,5,8756493,3778046,12534539,33.289
Portugal,PRT,EURO,14/02/2022,25139837,9754789,244.2,97.007,4504435,4414019,8182237,736217,8918454,86.621,"AstraZeneca - Vaxzevria,Beijing CNBG - BBIBP-CorV,Bharat - Covaxin,Janssen - Ad26.COV 2-S,Moderna - Spikevax,Novavax-NUVAXOVID,Pfizer BioNTech - Comirnaty,Sinovac - CoronaVac",23/12/2020,8,1606648,5480340,7086988,68.46
Puerto Rico,PRI,AMRO,12/05/2022,7587081,3107744,265.203,108.63,396126,2314008,2461300,248834,2710134,94.732,"Janssen - Ad26.COV 2-S,Moderna - Spikevax,Novavax-NUVAXOVID,Pfizer BioNTech - Comirnaty",20/01/2021,4,1154953,653827,1808780,63.225
Qatar,QAT,EMRO,30/11/2022,7491345,2806774,260.021,97.422,2148560,657213,2277295,528478,2805773,97.387,"AstraZeneca - Vaxzevria,Beijing CNBG - BBIBP-CorV,Bharat - Covaxin,CanSino - Convidecia,Gamaleya - Gam-Covid-Vac,Gamaleya - Sputnik-Light,Janssen - Ad26.COV 2-S,Moderna - Spikevax,Pfizer BioNTech - Comirnaty,Sinovac - CoronaVac",31/01/2021,10,1231249,673573,1904822,66.115
Republic of Korea,KOR,WPRO,23/02/2022,130693258,45109586,254.916,87.986,44448847,223467,9347395,35324919,44672314,87.133,"AstraZeneca - Vaxzevria,Janssen - Ad26.COV 2-S,Moderna - Spikevax,Novavax-NUVAXOVID,Pfizer BioNTech - Comirnaty",26/02/2021,5,6508077,27136042,33644119,65.622
Republic of Moldova,MDA,EURO,03/09/2022,2241785,1101302,55.6,27.301,90191,981150,203260,868081,1071341,26.558,"AstraZeneca - Vaxzevria,Beijing CNBG - BBIBP-CorV,Gamaleya - Gam-Covid-Vac,Janssen - Ad26.COV 2-S,Moderna - Spikevax,Pfizer BioNTech - Comirnaty,Sinovac - CoronaVac",03/03/2021,7,150094,254680,404774,13.221
Romania,ROU,EURO,11/02/2022,16079395,8182350,83.2,42.332,5684882,2450059,5056458,3078483,8134941,42.087,"AstraZeneca - Vaxzevria,Janssen - Ad26.COV 2-S,Moderna - Spikevax,Pfizer BioNTech - Comirnaty",27/01/2021,4,1080501,688416,1768917,9.289
Russian Federation,RUS,EURO,11/02/2022,175974391,84218429,120.6,57.71,51190048,25450424,4730330,71910142,76640472,52.517,"SRCVB - EpiVacCorona, Gamaleya - Sputnik V",23/02/2021,2,25517251,34325964,59843215,41.42
Rwanda,RWA,AFRO,03/05/2022,26080356,9172811,201.358,70.82,7410310,1528539,5019550,3919299,8938849,69.014,"Beijing CNBG - BBIBP-CorV,Gamaleya - Gam-Covid-Vac,Janssen - Ad26.COV 2-S,Moderna - Spikevax,Pfizer BioNTech - Comirnaty,SII - Covishield,Sinovac - CoronaVac",05/03/2021,7,806505,3418689,4225194,32.621
Saba,XCA,AMRO,26/12/2022,4471,1687,231.298,87.274,1375,282,1231,426,1657,85.722,SII - Covishield,11/01/2021,1,2,1168,1170,60.528
Saint Helena,SHN,AFRO,10/06/2022,7892,4361,129.995,71.833,673,2858,2129,1402,3531,58.162,AstraZeneca - AZD1222,30/01/2021,1,256,1934,2190,48.31
Saint Kitts and Nevis,KNA,AMRO,03/06/2022,64225,33794,120.742,63.532,6530,20414,5847,21097,26944,50.654,"AstraZeneca - Vaxzevria,Pfizer BioNTech - Comirnaty,SII - Covishield",22/02/2021,3,329,3136,3465,6.514
Saint Lucia,LCA,AMRO,05/02/2022,122552,59973,66.74,32.66,15284,39496,36367,18413,54780,29.832,"AstraZeneca - Vaxzevria,Janssen - Ad26.COV 2-S,Moderna - Spikevax,Pfizer BioNTech - Comirnaty,SII - Covishield",17/02/2021,5,391,7475,7866,4.284
Saint Vincent and the Grenadines,VCT,AMRO,19/09/2022,72687,37220,65.519,33.55,25396,5923,17483,13836,31319,28.231,"AstraZeneca - Vaxzevria,Gamaleya - Gam-Covid-Vac,Gamaleya - Sputnik-Light,Pfizer BioNTech - Comirnaty,SII - Covishield",01/02/2021,5,3276,1003,4279,3.857
Samoa,WSM,WPRO,22/08/2022,510313,230407,257.196,116.124,79871,131584,122654,88801,211455,106.573,"AstraZeneca - Vaxzevria,Pfizer BioNTech - Comirnaty",18/04/2021,2,28138,54130,82268,41.463
San Marino,SMR,EURO,08/12/2022,69338,26357,204.3,76.501,14044,9589,11148,12485,23633,68.595,"Gamaleya - Gam-Covid-Vac,Pfizer BioNTech - Comirnaty",24/02/2021,2,2193,17155,19348,57.335
Sao Tome and Principe,STP,AFRO,20/06/2022,227479,127366,103.796,58.116,408,102941,4489,98860,103349,47.157,"AstraZeneca - Vaxzevria,SII - Covishield",15/03/2021,2,25709,8915,34624,15.799
Saudi Arabia,SAU,EMRO,30/03/2022,67839503,26892699,194.863,77.247,3443275,21847258,9021606,16268927,25290533,72.645,"AstraZeneca - Vaxzevria,Beijing CNBG - BBIBP-CorV,Bharat - Covaxin,CanSino - Convidecia,Gamaleya - Gam-Covid-Vac,Gamaleya - Sputnik-Light,Janssen - Ad26.COV 2-S,Moderna - Spikevax,Pfizer BioNTech - Comirnaty,Sinovac - CoronaVac",06/01/2021,10,150461,15908865,16059326,46.129
Senegal,SEN,AFRO,27/04/2022,2165205,1504180,12.931,8.983,370894,745400,150728,965566,1116294,6.667,"Beijing CNBG - BBIBP-CorV,Janssen - Ad26.COV 2-S,SII - Covishield",23/02/2021,3,550282,174472,724754,4.328
Serbia,SRB,EURO,06/06/2022,6708547,3391961,96.9,48.969,984089,2332497,2883473,433113,3316586,47.881,"AstraZeneca - Vaxzevria,Beijing CNBG - BBIBP-CorV,Gamaleya - Gam-Covid-Vac,Moderna - Spikevax,Pfizer BioNTech - Comirnaty",23/12/2020,5,0,0,0,0
Seychelles,SYC,AFRO,10/06/2022,215016,85472,218.63,86.909,68837,12407,27016,54228,81244,82.61,"Beijing CNBG - BBIBP-CorV,Gamaleya - Gam-Covid-Vac,Julphar - Hayat-Vax,SII - Covishield",10/01/2021,4,37660,7276,44936,45.691
Sierra Leone,SLE,AFRO,03/11/2022,4258299,3122384,53.382,39.142,734171,1680804,1826918,588057,2414975,30.274,"Beijing CNBG - BBIBP-CorV,SII - Covishield",15/03/2021,2,842802,358907,1201709,15.065
Singapore,SGP,WPRO,15/08/2022,14326294,5024384,244.88,85.882,855371,4149322,4894307,110386,5004693,85.545,"AstraZeneca - Vaxzevria,Beijing CNBG - BBIBP-CorV,Moderna - Spikevax,Pfizer BioNTech - Comirnaty",30/12/2020,4,872458,3896700,4769158,81.519
Sint Eustatius,XBA,AMRO,11/12/2022,4257,1791,135.616,57.056,1057,629,1476,210,1686,53.711,"AstraZeneca - Vaxzevria, SII - Covishield",12/02/2021,2,369,398,767,24.435
Sint Maarten,SXM,AMRO,26/11/2022,65095,29788,151.8,69.465,3255,23031,157,26129,26286,61.298,"AstraZeneca - Vaxzevria,Moderna - Spikevax,Pfizer BioNTech - Comirnaty",22/02/2021,3,6367,2779,9146,21.328
Slovakia,SVK,EURO,13/08/2022,7153405,2838382,131.1,52.005,1344927,1444859,1769721,1020065,2789786,51.115,"AstraZeneca - Vaxzevria,Gamaleya - Gam-Covid-Vac,Janssen - Ad26.COV 2-S,Moderna - Spikevax,Novavax-NUVAXOVID,Pfizer BioNTech - Comirnaty",06/01/2021,6,836727,849736,1686463,31.031
Slovenia,SVN,EURO,16/10/2022,2967870,1233944,141.6,58.875,807311,396065,237625,965751,1203376,57.417,"AstraZeneca - Vaxzevria,Janssen - Ad26.COV 2-S,Moderna - Spikevax,Novavax-NUVAXOVID,Pfizer BioNTech - Comirnaty",23/12/2020,5,423317,223187,646504,30.681
Solomon Islands,SLB,WPRO,25/01/2022,530429,311774,77.223,45.39,40283,167705,131313,76675,207988,30.28,"AstraZeneca - Vaxzevria,Beijing CNBG - BBIBP-CorV,Pfizer BioNTech - Comirnaty,SII - Covishield",23/03/2021,4,12016,15880,27896,4.061
Somalia,SOM,EMRO,07/04/2022,5656748,4661532,35.592,29.33,2009598,1451299,722283,2738614,3460897,21.776,"AstraZeneca - Vaxzevria,Beijing CNBG - BBIBP-CorV,Bharat - Covaxin,CanSino - Convidecia,Gamaleya - Gam-Covid-Vac,Gamaleya - Sputnik-Light,Janssen - Ad26.COV 2-S,Moderna - Spikevax,Pfizer BioNTech - Comirnaty,SII - Covishield,Sinovac - CoronaVac",16/03/2021,11,15787,12347,28134,0.177
South Africa,ZAF,AFRO,02/03/2022,37580608,23705134,63.364,39.969,9223281,11551077,13197515,7576843,20774358,35.028,"Janssen - Ad26.COV 2-S,Pfizer BioNTech - Comirnaty",17/02/2021,2,1901200,2509401,4410601,7.437
South Sudan,SSD,AFRO,03/08/2022,2085469,2035179,18.631,18.181,1014117,979083,1210122,783078,1993200,17.806,"Janssen - Ad26.COV 2-S,SII - Covishield",06/04/2021,2,313172,199950,513122,4.584
Spain,ESP,EURO,22/11/2022,102999225,41279842,217.6,87.212,32675574,4806118,19806615,17675077,37481692,79.188,"AstraZeneca - Vaxzevria,Janssen - Ad26.COV 2-S,Moderna - Spikevax,Pfizer BioNTech - Comirnaty",30/12/2020,4,23789482,2784351,26573833,56.024
Sri Lanka,LKA,SEARO,11/02/2022,39994991,17130182,186.777,79.998,9950910,4736880,1501941,13185849,14687790,68.592,"AstraZeneca - Vaxzevria,Beijing CNBG - BBIBP-CorV,Gamaleya - Gam-Covid-Vac,Moderna - Spikevax,Pfizer BioNTech - Comirnaty,SII - Covishield",29/01/2021,6,4146197,4073805,8220002,38.387
Sudan,SDN,EMRO,14/07/2022,8179010,6651268,18.653,15.168,3090294,1446670,3437166,1099798,4536964,10.347,"AstraZeneca - Vaxzevria,Beijing CNBG - BBIBP-CorV,Bharat - Covaxin,CanSino - Convidecia,Gamaleya - Gam-Covid-Vac,Gamaleya - Sputnik-Light,Janssen - Ad26.COV 2-S,Moderna - Spikevax,Pfizer BioNTech - Comirnaty,SII - Covishield,Sinovac - CoronaVac",09/03/2021,11,3402906,488457,3891363,8.874
Suriname,SUR,AMRO,07/10/2022,554588,267820,94.538,45.654,143674,94205,39014,198865,237879,40.55,"AstraZeneca - Vaxzevria,Beijing CNBG - BBIBP-CorV,Moderna - Spikevax,Pfizer BioNTech - Comirnaty,SII - Covishield",23/02/2021,5,39661,9228,48889,8.334
Sweden,SWE,EURO,25/10/2022,22293692,7501635,215.9,72.637,1276381,6087313,1128083,6235611,7363694,71.301,"AstraZeneca - Vaxzevria,Moderna - Spikevax,Novavax-NUVAXOVID,Pfizer BioNTech - Comirnaty,Unknown Vaccine",23/12/2020,5,1459596,4083235,5542831,53.03
Switzerland,CHE,EURO,24/01/2022,15824257,6092712,182.8,70.796,4952856,764337,1997695,3719498,5717193,66.432,"Janssen - Ad26.COV 2-S,Moderna - Spikevax,Novavax-NUVAXOVID,Pfizer BioNTech - Comirnaty",23/12/2020,4,3075374,1921276,4996650,57.49
Syrian Arab Republic,SYR,EMRO,21/05/2022,4709714,3015708,26.912,17.232,1260347,828418,455199,1633566,2088765,11.935,"AstraZeneca - Vaxzevria,Beijing CNBG - BBIBP-CorV,Bharat - Covaxin,CanSino - Convidecia,Gamaleya - Gam-Covid-Vac,Gamaleya - Sputnik-Light,Janssen - Ad26.COV 2-S,Moderna - Spikevax,Pfizer BioNTech - Comirnaty,SII - Covishield,Sinovac - CoronaVac",01/04/2021,11,16180,59701,75881,0.434
Tajikistan,TJK,EURO,25/08/2022,15441380,5282863,161.9,55.39,2559710,2560852,2348576,2771986,5120562,53.688,"AstraZeneca - Vaxzevria,Gamaleya - Gam-Covid-Vac,Moderna - Spikevax,Pfizer BioNTech - Comirnaty,SII - Covishield,Sinovac - CoronaVac",24/03/2021,6,211136,5068981,5280117,54.155
Thailand,THA,SEARO,20/07/2022,142536808,56996810,204.208,81.657,37764177,15706694,39414518,14056353,53470871,76.606,"AstraZeneca - Vaxzevria,Beijing CNBG - BBIBP-CorV,Janssen - Ad26.COV 2-S,Moderna - Spikevax,Pfizer BioNTech - Comirnaty,SII - Covishield,SII - Covovax,Sinovac - CoronaVac",28/02/2021,8,21670793,5810230,27481023,39.371
The United Kingdom,GBR,EURO,14/01/2022,151248820,53806963,222.8,79.058,2006311,48739590,3387298,47358603,50745901,74.561,"AstraZeneca - Vaxzevria,Moderna - Spikevax,Pfizer BioNTech - Comirnaty",21/12/2020,3,38788912,15335786,"54,124,698",80.751
Timor-Leste,TLS,SEARO,21/03/2022,1820082,853527,138.048,64.737,32320,716840,674747,74413,749160,56.821,"AstraZeneca - Vaxzevria,Pfizer BioNTech - Comirnaty,SII - Covishield,Sinovac - CoronaVac",07/04/2021,4,276406,61681,338087,25.643
Togo,TGO,AFRO,22/10/2022,3286253,2164950,39.695,26.151,1348606,87393,354308,1081691,1435999,17.346,SII - Covishield,10/03/2021,1,352703,75101,427804,5.168
Tokelau,TKL,WPRO,06/05/2022,3326,1339,246.37,99.185,390,735,638,487,1125,83.333,Pfizer BioNTech - Comirnaty,20/07/2021,1,922,46,968,71.704
Tonga,TON,WPRO,06/08/2022,201685,87080,190.818,82.388,39251,37353,23898,52706,76604,72.476,"AstraZeneca - Vaxzevria,Pfizer BioNTech - Comirnaty",14/04/2021,2,17286,21302,38588,36.509
Trinidad and Tobago,TTO,AMRO,11/04/2022,1580605,753467,112.942,53.839,219866,496896,495848,220914,716762,51.216,"AstraZeneca - Vaxzevria,Beijing CNBG - BBIBP-CorV,Janssen - Ad26.COV 2-S,Pfizer BioNTech - Comirnaty,SII - Covishield",17/02/2021,5,173645,1191,174836,12.493
Tunisia,TUN,EMRO,18/10/2022,13146062,7208140,111.232,60.99,27823,6355601,993181,5390243,6383424,54.012,"AstraZeneca - Vaxzevria,Beijing CNBG - BBIBP-CorV,Bharat - Covaxin,CanSino - Convidecia,Gamaleya - Gam-Covid-Vac,Gamaleya - Sputnik-Light,Janssen - Ad26.COV 2-S,Moderna - Spikevax,Pfizer BioNTech - Comirnaty,Sinovac - CoronaVac",13/03/2021,10,304760,953817,1258577,10.649
Turkey,TUR,EURO,05/03/2022,152209055,57923650,180.5,69.657,7827883,45328769,42568381,10588271,53156652,63.925,"Pfizer BioNTech - Comirnaty, Sinovac - CoronaVac, Turkovac",16/02/2021,3,14055106,13841225,27896331,32.906
Turkmenistan,TKM,EURO,06/02/2022,7140000,2970000,118.4,49.244,897946,2022054,2178221,741779,2920000,48.415,"Anhui ZL - Zifivax,AstraZeneca - Vaxzevria,Beijing CNBG - BBIBP-CorV,Gamaleya - Gam-Covid-Vac,RIBSP - QazVac,SRCVB - EpiVacCorona,Unknown Vaccine",24/02/2021,7,2797290,1019110,3816400,60.178
Turks and Caicos Islands,TCA,AMRO,09/10/2022,72837,32338,188.122,83.522,5206,25082,16572,13716,30288,78.227,Pfizer BioNTech - Comirnaty,11/01/2021,1,2412,5031,7443,19.224
Tuvalu,TUV,WPRO,20/03/2022,23746,9452,201.374,80.156,6468,2547,6939,2076,9015,76.45,AstraZeneca - Vaxzevria,13/04/2021,1,874,4871,5745,48.719
Uganda,UGA,AFRO,23/01/2022,25273890,18483027,55.254,40.408,11687952,980889,6561659,6107182,12668841,27.697,"Janssen - Ad26.COV 2-S,Moderna - Spikevax,Pfizer BioNTech - Comirnaty,SII - Covishield,Sinovac - CoronaVac",10/03/2021,5,286272,478392,764664,1.672
Ukraine,UKR,EURO,19/05/2022,31668577,15774300,72.4,36.069,10023286,5130291,12540594,2612983,15153577,34.65,"AstraZeneca - Vaxzevria,Janssen - Ad26.COV 2-S,Moderna - Spikevax,Pfizer BioNTech - Comirnaty,SII - Covishield,Sinovac - CoronaVac",24/02/2021,6,609279,131918,741197,1.703
United Arab Emirates,ARE,EMRO,25/08/2022,24922054,9991089,251.982,101.018,272129,9520137,5730690,4061576,9792266,99.008,"AstraZeneca - Vaxzevria,Beijing CNBG - BBIBP-CorV,Bharat - Covaxin,CanSino - Convidecia,Gamaleya - Gam-Covid-Vac,Gamaleya - Sputnik-Light,Janssen - Ad26.COV 2-S,Moderna - Spikevax,Pfizer BioNTech - Comirnaty,SII - Covishield,Sinovac - CoronaVac",22/02/2021,11,1598088,3540611,5138699,51.956
United Republic of Tanzania,TZA,AFRO,08/06/2022,25039939,20715016,41.919,34.679,6484921,12356952,18302873,539000,18841873,31.543,"Beijing CNBG - BBIBP-CorV,Janssen - Ad26.COV 2-S,Pfizer BioNTech - Comirnaty",28/07/2021,3,122292,276470,398762,12.345
United States of America,USA,AMRO,30/11/2022,604511670,268373101,182.63,81.079,141535707,80392209,103310088,118617828,221927916,67.047,"Janssen - Ad26.COV 2-S,Moderna - Spikevax,Novavax-NUVAXOVID,Pfizer BioNTech - Comirnaty",14/12/2020,4,23390605,93238912,116629517,35.235
Uruguay,URY,AMRO,03/11/2022,8734752,3001089,251.452,86.394,1893330,999523,511046,2381807,2892853,83.278,"AstraZeneca - Vaxzevria,Pfizer BioNTech - Comirnaty,Sinovac - CoronaVac",27/02/2021,3,1049392,1030557,2079949,59.877
Uzbekistan,UZB,EURO,08/03/2022,65334146,21051293,195.2,62.898,3670415,12825045,14217986,2277474,16495460,49.285,"Anhui ZL - Zifivax,Gamaleya - Gam-Covid-Vac,Gamaleya - Sputnik-Light,Moderna - Spikevax,Pfizer BioNTech - Comirnaty,SII - Covishield,Sinovac - CoronaVac,Unknown Vaccine",28/04/2021,8,5454320,10797020,16251340,47.684
Vanuatu,VUT,WPRO,02/12/2022,260304,143339,84.75,46.668,78408,52199,52338,78269,130607,42.523,"AstraZeneca - Vaxzevria,Beijing CNBG - BBIBP-CorV,Janssen - Ad26.COV 2-S",02/06/2021,3,12731,3825,16556,5.39
Venezuela (Bolivarian Republic of),VEN,AMRO,24/02/2022,37860994,22157232,133.145,77.92,3111420,11175950,13382944,904426,14287370,50.244,"Beijing CNBG - BBIBP-CorV,CIGB - CIGB-66,Finlay - Soberana-02,Gamaleya - Gam-Covid-Vac,Gamaleya - Sputnik-Light,Sinovac - CoronaVac",22/02/2021,6,406228,245274,651502,2.291
Viet Nam,VNM,WPRO,31/12/2022,259176472,89880152,266.263,92.338,72338033,11734248,17642281,66430000,84072281,86.371,"AstraZeneca - Vaxzevria,Beijing CNBG - BBIBP-CorV,CIGB - CIGB-66,Gamaleya - Gam-Covid-Vac,Moderna - Spikevax,Pfizer BioNTech - Comirnaty",08/03/2021,6,10074949,47900271,57975220,59.56
Wallis and Futuna,WLF,WPRO,15/04/2022,16782,6592,149.226,58.616,6033,956,3288,3701,6989,62.147,Moderna - Spikevax,19/03/2021,1,1248,2102,3350,29.788
Yemen,YEM,EMRO,23/10/2022,1065395,861625,3.572,2.889,123622,480580,500541,103661,604202,2.026,"AstraZeneca - Vaxzevria,Beijing CNBG - BBIBP-CorV,Bharat - Covaxin,CanSino - Convidecia,Gamaleya - Gam-Covid-Vac,Gamaleya - Sputnik-Light,Janssen - Ad26.COV 2-S,Moderna - Spikevax,Pfizer BioNTech - Comirnaty,SII - Covishield,Sinovac - CoronaVac",20/04/2021,11,5668,60897,66565,0.223
Zambia,ZMB,AFRO,19/08/2022,9015082,7876354,49.038,42.844,2668805,3014167,5095815,587157,5682972,30.913,"Beijing CNBG - BBIBP-CorV,Janssen - Ad26.COV 2-S,SII - Covishield",14/04/2021,3,1169870,244749,1414619,7.695
Zimbabwe,ZWE,AFRO,10/06/2022,12487631,6501801,84.019,43.745,554319,4301049,1425978,3429390,4855368,32.668,"Beijing CNBG - BBIBP-CorV,Bharat - Covaxin,Gamaleya - Gam-Covid-Vac,Sinovac - CoronaVac",18/02/2021,4,2131036,161688,2292724,15.426
